Mes;2023
1 Ene;9,00
2 Ene;9,00
3 Ene;9,00
4 Ene;9,00
5 Ene;9,00
6 Ene;9,00
7 Ene;9,00
8 Ene;9,00
9 Ene;9,00
10 Ene;9,00
11 Ene;9,00
12 Ene;9,00
13 Ene;9,00
14 Ene;9,00
15 Ene;9,00
16 Ene;9,00
17 Ene;9,00
18 Ene;9,00
19 Ene;9,00
20 Ene;9,00
21 Ene;9,00
22 Ene;9,00
23 Ene;9,00
24 Ene;9,00
25 Ene;9,00
26 Ene;9,00
27 Ene;9,00
28 Ene;9,00
29 Ene;9,00
30 Ene;9,00
31 Ene;9,00
1 Feb;9,00
2 Feb;9,00
3 Feb;9,00
4 Feb;9,00
5 Feb;9,00
6 Feb;9,00
7 Feb;9,00
8 Feb;9,00
9 Feb;9,00
10 Feb;9,00
11 Feb;9,00
12 Feb;9,00
13 Feb;9,00
14 Feb;9,00
15 Feb;9,00
16 Feb;9,00
17 Feb;9,00
18 Feb;9,00
19 Feb;9,00
20 Feb;9,00
21 Feb;9,00
22 Feb;9,00
23 Feb;9,00
24 Feb;9,00
25 Feb;9,00
26 Feb;9,00
27 Feb;9,00
28 Feb;9,00
1 Mar;9,00
2 Mar;9,00
3 Mar;9,00
4 Mar;9,00
5 Mar;9,00
6 Mar;9,00
7 Mar;9,00
8 Mar;9,00
9 Mar;9,00
10 Mar;9,00
11 Mar;9,00
12 Mar;9,00
13 Mar;9,00
14 Mar;9,00
15 Mar;9,00
16 Mar;8,50
17 Mar;8,50
18 Mar;8,50
19 Mar;8,50
20 Mar;8,50
21 Mar;8,50
22 Mar;8,50
23 Mar;8,50
24 Mar;8,50
25 Mar;8,50
26 Mar;8,50
27 Mar;8,50
28 Mar;8,50
29 Mar;8,50
30 Mar;8,50
31 Mar;8,50
1 Abr;8,50
2 Abr;8,50
3 Abr;8,50
4 Abr;8,50
5 Abr;8,50
6 Abr;8,50
7 Abr;8,50
8 Abr;8,50
9 Abr;8,50
10 Abr;8,50
11 Abr;8,50
12 Abr;8,50
13 Abr;8,50
14 Abr;8,50
15 Abr;8,50
16 Abr;8,50
17 Abr;8,50
18 Abr;8,50
19 Abr;8,50
20 Abr;8,50
21 Abr;7,50
22 Abr;7,50
23 Abr;7,50
24 Abr;7,50
25 Abr;7,50
26 Abr;7,50
27 Abr;7,50
28 Abr;7,50
29 Abr;7,50
30 Abr;7,50
1 May;7,50
2 May;7,50
3 May;7,50
4 May;7,50
5 May;7,50
6 May;7,50
7 May;7,50
8 May;7,50
9 May;7,50
10 May;7,50
11 May;7,50
12 May;7,50
13 May;7,50
14 May;7,50
15 May;7,50
16 May;7,50
17 May;7,50
18 May;7,50
19 May;7,50
20 May;7,50
21 May;7,50
22 May;7,50
23 May;7,50
24 May;7,50
25 May;7,50
26 May;7,50
27 May;7,50
28 May;7,50
29 May;7,50
30 May;7,50
31 May;7,50
1 Jun;7,50
2 Jun;7,50
3 Jun;7,50
4 Jun;7,50
5 Jun;7,50
6 Jun;7,50
7 Jun;7,50
8 Jun;7,50
9 Jun;7,50
10 Jun;7,50
11 Jun;7,50
12 Jun;7,50
13 Jun;7,50
14 Jun;7,50
15 Jun;7,00
16 Jun;7,00
17 Jun;7,00
18 Jun;7,00
19 Jun;7,00
20 Jun;7,00
21 Jun;7,00
22 Jun;7,00
23 Jun;7,00
24 Jun;7,00
25 Jun;7,00
26 Jun;7,00
27 Jun;7,00
28 Jun;7,00
29 Jun;7,00
30 Jun;7,00
1 Jul;7,00
2 Jul;7,00
3 Jul;7,00
4 Jul;7,00
5 Jul;7,00
6 Jul;7,00
7 Jul;7,00
8 Jul;7,00
9 Jul;7,00
10 Jul;7,00
11 Jul;7,00
12 Jul;7,00
13 Jul;7,00
14 Jul;7,00
15 Jul;7,00
16 Jul;7,00
17 Jul;7,00
18 Jul;7,00
19 Jul;7,00
20 Jul;7,00
21 Jul;7,00
22 Jul;7,00
23 Jul;7,00
24 Jul;7,00
25 Jul;7,00
26 Jul;7,00
27 Jul;6,50
28 Jul;6,50
29 Jul;6,50
30 Jul;6,50
31 Jul;6,50
1 Ago;6,50
2 Ago;6,50
3 Ago;6,50
4 Ago;6,50
5 Ago;6,50
6 Ago;6,50
7 Ago;6,50
8 Ago;6,50
9 Ago;6,50
10 Ago;6,50
11 Ago;6,50
12 Ago;6,50
13 Ago;6,50
14 Ago;6,50
15 Ago;6,50
16 Ago;6,50
17 Ago;6,50
18 Ago;6,50
19 Ago;6,50
20 Ago;6,50
21 Ago;6,50
22 Ago;6,50
23 Ago;6,50
24 Ago;6,50
25 Ago;6,50
26 Ago;6,50
27 Ago;6,50
28 Ago;6,50
29 Ago;6,50
30 Ago;6,50
31 Ago;6,50
1 Set;6,50
2 Set;6,50
3 Set;6,50
4 Set;6,50
5 Set;6,50
6 Set;6,50
7 Set;6,50
8 Set;6,50
9 Set;6,50
10 Set;6,50
11 Set;6,50
12 Set;6,50
13 Set;6,50
14 Set;6,50
15 Set;6,50
16 Set;6,50
17 Set;6,50
18 Set;6,50
19 Set;6,50
20 Set;6,50
21 Set;6,50
22 Set;6,50
23 Set;6,50
24 Set;6,50
25 Set;6,50
26 Set;6,50
27 Set;6,50
28 Set;6,50
29 Set;6,50
30 Set;6,50
1 Oct;6,50
2 Oct;6,50
3 Oct;6,50
4 Oct;6,50
5 Oct;6,50
6 Oct;6,50
7 Oct;6,50
8 Oct;6,50
9 Oct;6,50
10 Oct;6,50
11 Oct;6,50
12 Oct;6,50
13 Oct;6,50
14 Oct;6,50
15 Oct;6,50
16 Oct;6,50
17 Oct;6,50
18 Oct;6,50
19 Oct;6,50
20 Oct;6,50
21 Oct;6,50
22 Oct;6,50
23 Oct;6,50
24 Oct;6,50
25 Oct;6,50
26 Oct;6,25
27 Oct;6,25
28 Oct;6,25
29 Oct;6,25
30 Oct;6,25
31 Oct;6,25
1 Nov;6,25
2 Nov;6,25
3 Nov;6,25
4 Nov;6,25
5 Nov;6,25
6 Nov;6,25
7 Nov;6,25
8 Nov;6,25
9 Nov;6,25
10 Nov;6,25
11 Nov;6,25
12 Nov;6,25
13 Nov;6,25
14 Nov;6,25
15 Nov;6,25
16 Nov;6,25
17 Nov;6,25
18 Nov;6,25
19 Nov;6,25
20 Nov;6,25
21 Nov;6,25
22 Nov;6,25
23 Nov;6,25
24 Nov;6,25
25 Nov;6,25
26 Nov;6,25
27 Nov;6,25
28 Nov;6,25
29 Nov;6,25
30 Nov;6,25
1 Dic;6,25
2 Dic;6,25
3 Dic;6,25
4 Dic;6,25
5 Dic;6,25
6 Dic;6,25
7 Dic;6,25
8 Dic;6,25
9 Dic;6,25
10 Dic;6,25
11 Dic;6,25
12 Dic;6,25
13 Dic;6,25
14 Dic;6,25
15 Dic;6,25
16 Dic;6,25
17 Dic;6,25
18 Dic;6,25
19 Dic;6,25
20 Dic;6,25
21 Dic;6,00
22 Dic;6,00
23 Dic;6,00
24 Dic;6,00
25 Dic;6,00
26 Dic;6,00
27 Dic;6,00
28 Dic;6,00
29 Dic;6,00
30 Dic;6,00
31 Dic;6,00
